Date Found,Job Title,Company,Location,Experience,Salary,Posted,Source,Apply Link,Status
2026-09-10,"Java Developer-Fresher",SparkNovaTechSolutions,"Hyderabad, India",fresher,Not disclosed,Not disclosed,in.linkedin.com,https://in.linkedin.com/jobs/view/java-developer-fresher-at-sparknovatechsolutions-4378256363?position=1&pageNum=0,Removed - do not apply
2026-09-11,"Junior Java Developer","Ethon Health Care Solutions","Hyderabad, Telangana, India","0-3 years / Freshers","₹3-5 LPA",Today,Indeed,https://in.indeed.com/q-fresher-java-developer-l-hyderabad%2C-telangana-%E0%A4%9C%E0%A5%89%E0%A4%AE%E0%A5%8C%E0%A4%B8.html,Applied
2026-09-11,"Java Software Engineer","Clicksoft Solutions","Hyderabad, Telangana, India","2-4 years preferred; Freshers can apply",Not disclosed,"2 days ago",LinkedIn,https://in.linkedin.com/jobs/view/java-software-engineer-at-clicksoft-solutions-4463875411,Not Applied
2026-09-11,"Junior Java Developer","esf labs","Hyderabad, Telangana, India",Entry level,Not disclosed,"2 months ago",LinkedIn,https://in.linkedin.com/jobs/view/junior-java-developer-at-esf-labs-4431000559,Not Applied
2026-09-11,"Java Developer","People Prime Worldwide","Hyderabad, Telangana, India",Entry level,Not disclosed,"4 days ago",LinkedIn,https://in.linkedin.com/jobs/view/java-developer-at-people-prime-worldwide-4464088115,Not Applied
2026-09-11,"Java Developer - Fresher","Navayuga Infotech","Telangana / Hyderabad listings",Fresher,Not disclosed,Today,Indeed,https://in.indeed.com/q-fresher-java-developer-l-hyderabad%2C-telangana-%E0%A4%9C%E0%A5%89%E0%A4%A8%E0%A5%8D%E0%A4%B8.html,Not Applied
2026-09-13,"Jr. Software Developer","smartdocs","Hyderabad, Telangana, India","0-2 years",Not disclosed,"March 12, 2026",Indeed,https://to.indeed.com/aadb8dvqkzbn,Not Applied
2026-09-13,"Software Developer (Java - IoT)","OPTIVA","Hyderabad, Telangana, India","8+ years",Not disclosed,"September 8, 2026",Indeed,Not provided,Not a fresher match
2026-09-13,"Java Developer","Nuacem AI","Hyderabad, Telangana, India","3-7 years",Not disclosed,"February 26, 2026",Indeed,https://to.indeed.com/aayyxrcxft7h,Not a fresher match
2026-09-13,"Sr. Java Developer","D&D CLOUD PVT LTD","Hyderabad, Telangana, India","10+ years",₹552119-₹1923285/year,"September 9, 2026",Indeed,https://to.indeed.com/aaywgxsvbztn,Not a fresher match
2026-09-13,"Sr. Full Stack Java Developer","The GauRa Tech Works Pvt Ltd","Hyderabad, Telangana, India","5.5-9 years",₹1500000-₹2800000/year,"September 10, 2026",Indeed,https://to.indeed.com/aa7bh47pxrdz,Not a fresher match
2026-09-13,"Java Fullstack Developer","KUMARAN SYSTEMS","Hyderabad, Telangana, India","5+ years",Not disclosed,"August 14, 2026",Indeed,https://to.indeed.com/aacd9tn7jj8x,Not a fresher match
2026-09-13,"Sr. Software Developer - Java & AI","smartdocs","Hyderabad, Telangana, India","3-6 years",Not disclosed,"March 17, 2026",Indeed,https://to.indeed.com/aa8yd8cltrz7,Not a fresher match
2026-09-13,"Lead Analyst - Java Full Stack","CGI","Hyderabad, Telangana, India","6-10 years",Not disclosed,"August 3, 2026",Indeed,https://to.indeed.com/aa7xvvfhgpx6,Not a fresher match
2026-09-13,"Backend Tech Lead","Accellor","Hyderabad, Telangana, India","7+ years",Not disclosed,"June 22, 2026",Indeed,https://to.indeed.com/aalxt67ywy2h,Not a fresher match
2026-09-13,"Senior Full Stack Software Developer (React, Python)","Accellor","Hyderabad, Telangana, India","5+ years",Not disclosed,"July 3, 2026",Indeed,https://to.indeed.com/aaczsjksf8fs,Not a fresher match
